<?xml version="1.0" encoding="UTF-8" ?>
<!DOCTYPE mapper PUBLIC "-//mybatis.org//DTD Mapper 3.0//EN" "http://mybatis.org/dtd/mybatis-3-mapper.dtd" >
<mapper namespace="top.naccl.mapper.ScheduleJobLogMapper">

    <resultMap id="log" type="top.naccl.entity.ScheduleJobLog">
        <id property="logId" column="log_id"/>
        <result property="jobId" column="job_id"/>
        <result property="beanName" column="bean_name"/>
        <result property="methodName" column="method_name"/>
        <result property="params" column="params"/>
        <result property="status" column="status"/>
        <result property="error" column="error"/>
        <result property="times" column="times"/>
        <result property="createTime" column="create_time"/>
    </resultMap>

    <select id="getJobLogListByDate" resultMap="log">
        select log_id, job_id, bean_name, method_name, params, status, error, times, create_time
        from schedule_job_log
        <where>
            <if test="startDate!=null and startDate!='' and endDate!=null and endDate!=''">
                create_time between #{startDate} and #{endDate}
            </if>
        </where>
    </select>

    <insert id="saveJobLog" parameterType="top.naccl.entity.ScheduleJobLog" useGeneratedKeys="true" keyProperty="logId">
        insert into schedule_job_log (job_id, bean_name, method_name, params, status, error, times, create_time)
        values (#{jobId}, #{beanName}, #{methodName}, #{params}, #{status}, #{error}, #{times}, #{createTime})
    </insert>

    <delete id="deleteJobLogByLogId">
        delete from schedule_job_log where log_id=#{logId}
    </delete>
</mapper>